# 表中插入数据

# 学生表中插入数据
INSERT INTO STUDENT (SNO,SNAME,SSEX,SBIRTHDAY,CLASS) VALUES (108 ,'曾华' 
,'男' ,19770901,95033);
INSERT INTO STUDENT (SNO,SNAME,SSEX,SBIRTHDAY,CLASS) VALUES (105 ,'匡明' 
,'男' ,19751002,95031);
INSERT INTO STUDENT (SNO,SNAME,SSEX,SBIRTHDAY,CLASS) VALUES (107 ,'王丽' 
,'女' ,19760123,95033);
INSERT INTO STUDENT (SNO,SNAME,SSEX,SBIRTHDAY,CLASS) VALUES (101 ,'李军' 
,'男' ,19760220,95033);
INSERT INTO STUDENT (SNO,SNAME,SSEX,SBIRTHDAY,CLASS) VALUES (109 ,'王芳' 
,'女' ,19750210,95031);
INSERT INTO STUDENT (SNO,SNAME,SSEX,SBIRTHDAY,CLASS) VALUES (103 ,'陆君' 
,'男' ,19740603,95031);

# 课程表中插入数据
INSERT INTO COURSE(CNO,CNAME,TNO)VALUES ('3-105' ,'计算机导论',825);
INSERT INTO COURSE(CNO,CNAME,TNO)VALUES ('3-245' ,'操作系统' ,804);
INSERT INTO COURSE(CNO,CNAME,TNO)VALUES ('6-166' ,'数据电路' ,856);
INSERT INTO COURSE(CNO,CNAME,TNO)VALUES ('9-888' ,'高等数学' ,100);

# 分数表中插入数据
INSERT INTO SCORE(SNO,CNO,DEGREE)VALUES (103,'3-245',86);
INSERT INTO SCORE(SNO,CNO,DEGREE)VALUES (105,'3-245',75);
INSERT INTO SCORE(SNO,CNO,DEGREE)VALUES (109,'3-245',68);
INSERT INTO SCORE(SNO,CNO,DEGREE)VALUES (103,'3-105',92);
INSERT INTO SCORE(SNO,CNO,DEGREE)VALUES (105,'3-105',88);
INSERT INTO SCORE(SNO,CNO,DEGREE)VALUES (109,'3-105',76);
INSERT INTO SCORE(SNO,CNO,DEGREE)VALUES (101,'3-105',64);
INSERT INTO SCORE(SNO,CNO,DEGREE)VALUES (107,'3-105',91);
INSERT INTO SCORE(SNO,CNO,DEGREE)VALUES (108,'3-105',78);
INSERT INTO SCORE(SNO,CNO,DEGREE)VALUES (101,'6-166',85);
INSERT INTO SCORE(SNO,CNO,DEGREE)VALUES (107,'6-106',79);
INSERT INTO SCORE(SNO,CNO,DEGREE)VALUES (108,'6-166',81);

# 教师表中插入数据
INSERT INTO TEACHER(TNO,TNAME,TSEX,TBIRTHDAY,PROF,DEPART) 
VALUES (804,'李诚','男','19581202','副教授','计算机系');
INSERT INTO TEACHER(TNO,TNAME,TSEX,TBIRTHDAY,PROF,DEPART) 
VALUES (856,'张旭','男','19690312','讲师','电子工程系');
INSERT INTO TEACHER(TNO,TNAME,TSEX,TBIRTHDAY,PROF,DEPART)
VALUES (825,'王萍','女','19720505','助教','计算机系');
INSERT INTO TEACHER(TNO,TNAME,TSEX,TBIRTHDAY,PROF,DEPART) 
VALUES (831,'刘冰','女','19770814','助教','电子工程系');





















